[
	{"name" : "ti-wand" },
	{"name" : "ti-volume" },
	{"name" : "ti-user" },
	{"name" : "ti-unlock" },
	{"name" : "ti-unlink" },
	{"name" : "ti-trash" },
	{"name" : "ti-thought" },
	{"name" : "ti-target" },
	{"name" : "ti-tag" },
	{"name" : "ti-tablet" },
	{"name" : "ti-star" },
	{"name" : "ti-spray" },
	{"name" : "ti-signal" },
	{"name" : "ti-shopping-cart" },
	{"name" : "ti-shopping-cart-full" },
	{"name" : "ti-settings" },
	{"name" : "ti-search" },
	{"name" : "ti-zoom-in" },
	{"name" : "ti-zoom-out" },
	{"name" : "ti-cut" },
	{"name" : "ti-ruler" },
	{"name" : "ti-ruler-pencil" },
	{"name" : "ti-ruler-alt" },
	{"name" : "ti-bookmark" },
	{"name" : "ti-bookmark-alt" },
	{"name" : "ti-reload" },
	{"name" : "ti-plus" },
	{"name" : "ti-pin" },
	{"name" : "ti-pencil" },
	{"name" : "ti-pencil-alt" },
	{"name" : "ti-paint-roller" },
	{"name" : "ti-paint-bucket" },
	{"name" : "ti-na" },
	{"name" : "ti-mobile" },
	{"name" : "ti-minus" },
	{"name" : "ti-medall" },
	{"name" : "ti-medall-alt" },
	{"name" : "ti-marker" },
	{"name" : "ti-marker-alt" },
	{"name" : "ti-arrow-up" },
	{"name" : "ti-arrow-right" },
	{"name" : "ti-arrow-left" },
	{"name" : "ti-arrow-down" },
	{"name" : "ti-lock" },
	{"name" : "ti-location-arrow" },
	{"name" : "ti-link" },
	{"name" : "ti-layout" },
	{"name" : "ti-layers" },
	{"name" : "ti-layers-alt" },
	{"name" : "ti-key" },
	{"name" : "ti-import" },
	{"name" : "ti-image" },
	{"name" : "ti-heart" },
	{"name" : "ti-heart-broken" },
	{"name" : "ti-hand-stop" },
	{"name" : "ti-hand-open" },
	{"name" : "ti-hand-drag" },
	{"name" : "ti-folder" },
	{"name" : "ti-flag" },
	{"name" : "ti-flag-alt" },
	{"name" : "ti-flag-alt-2" },
	{"name" : "ti-eye" },
	{"name" : "ti-export" },
	{"name" : "ti-exchange-vertical" },
	{"name" : "ti-desktop" },
	{"name" : "ti-cup" },
	{"name" : "ti-crown" },
	{"name" : "ti-comments" },
	{"name" : "ti-comment" },
	{"name" : "ti-comment-alt" },
	{"name" : "ti-close" },
	{"name" : "ti-clip" },
	{"name" : "ti-angle-up" },
	{"name" : "ti-angle-right" },
	{"name" : "ti-angle-left" },
	{"name" : "ti-angle-down" },
	{"name" : "ti-check" },
	{"name" : "ti-check-box" },
	{"name" : "ti-camera" },
	{"name" : "ti-announcement" },
	{"name" : "ti-brush" },
	{"name" : "ti-briefcase" },
	{"name" : "ti-bolt" },
	{"name" : "ti-bolt-alt" },
	{"name" : "ti-blackboard" },
	{"name" : "ti-bag" },
	{"name" : "ti-move" },
	{"name" : "ti-arrows-vertical" },
	{"name" : "ti-arrows-horizontal" },
	{"name" : "ti-fullscreen" },
	{"name" : "ti-arrow-top-right" },
	{"name" : "ti-arrow-top-left" },
	{"name" : "ti-arrow-circle-up" },
	{"name" : "ti-arrow-circle-right" },
	{"name" : "ti-arrow-circle-left" },
	{"name" : "ti-arrow-circle-down" },
	{"name" : "ti-angle-double-up" },
	{"name" : "ti-angle-double-right" },
	{"name" : "ti-angle-double-left" },
	{"name" : "ti-angle-double-down" },
	{"name" : "ti-zip" },
	{"name" : "ti-world" },
	{"name" : "ti-wheelchair" },
	{"name" : "ti-view-list" },
	{"name" : "ti-view-list-alt" },
	{"name" : "ti-view-grid" },
	{"name" : "ti-uppercase" },
	{"name" : "ti-upload" },
	{"name" : "ti-underline" },
	{"name" : "ti-truck" },
	{"name" : "ti-timer" },
	{"name" : "ti-ticket" },
	{"name" : "ti-thumb-up" },
	{"name" : "ti-thumb-down" },
	{"name" : "ti-text" },
	{"name" : "ti-stats-up" },
	{"name" : "ti-stats-down" },
	{"name" : "ti-split-v" },
	{"name" : "ti-split-h" },
	{"name" : "ti-smallcap" },
	{"name" : "ti-shine" },
	{"name" : "ti-shift-right" },
	{"name" : "ti-shift-left" },
	{"name" : "ti-shield" },
	{"name" : "ti-notepad" },
	{"name" : "ti-server" },
	{"name" : "ti-quote-right" },
	{"name" : "ti-quote-left" },
	{"name" : "ti-pulse" },
	{"name" : "ti-printer" },
	{"name" : "ti-power-off" },
	{"name" : "ti-plug" },
	{"name" : "ti-pie-chart" },
	{"name" : "ti-paragraph" },
	{"name" : "ti-panel" },
	{"name" : "ti-package" },
	{"name" : "ti-music" },
	{"name" : "ti-music-alt" },
	{"name" : "ti-mouse" },
	{"name" : "ti-mouse-alt" },
	{"name" : "ti-money" },
	{"name" : "ti-microphone" },
	{"name" : "ti-menu" },
	{"name" : "ti-menu-alt" },
	{"name" : "ti-map" },
	{"name" : "ti-map-alt" },
	{"name" : "ti-loop" },
	{"name" : "ti-location-pin" },
	{"name" : "ti-list" },
	{"name" : "ti-light-bulb" },
	{"name" : "ti-Italic" },
	{"name" : "ti-info" },
	{"name" : "ti-infinite" },
	{"name" : "ti-id-badge" },
	{"name" : "ti-hummer" },
	{"name" : "ti-home" },
	{"name" : "ti-help" },
	{"name" : "ti-headphone" },
	{"name" : "ti-harddrives" },
	{"name" : "ti-harddrive" },
	{"name" : "ti-gift" },
	{"name" : "ti-game" },
	{"name" : "ti-filter" },
	{"name" : "ti-files" },
	{"name" : "ti-file" },
	{"name" : "ti-eraser" },
	{"name" : "ti-envelope" },
	{"name" : "ti-download" },
	{"name" : "ti-direction" },
	{"name" : "ti-direction-alt" },
	{"name" : "ti-dashboard" },
	{"name" : "ti-control-stop" },
	{"name" : "ti-control-shuffle" },
	{"name" : "ti-control-play" },
	{"name" : "ti-control-pause" },
	{"name" : "ti-control-forward" },
	{"name" : "ti-control-backward" },
	{"name" : "ti-cloud" },
	{"name" : "ti-cloud-up" },
	{"name" : "ti-cloud-down" },
	{"name" : "ti-clipboard" },
	{"name" : "ti-car" },
	{"name" : "ti-calendar" },
	{"name" : "ti-book" },
	{"name" : "ti-bell" },
	{"name" : "ti-basketball" },
	{"name" : "ti-bar-chart" },
	{"name" : "ti-bar-chart-alt" },
	{"name" : "ti-back-right" },
	{"name" : "ti-back-left" },
	{"name" : "ti-arrows-corner" },
	{"name" : "ti-archive" },
	{"name" : "ti-anchor" },
	{"name" : "ti-align-right" },
	{"name" : "ti-align-left" },
	{"name" : "ti-align-justify" },
	{"name" : "ti-align-center" },
	{"name" : "ti-alert" },
	{"name" : "ti-alarm-clock" },
	{"name" : "ti-agenda" },
	{"name" : "ti-write" },
	{"name" : "ti-window" },
	{"name" : "ti-widgetized" },
	{"name" : "ti-widget" },
	{"name" : "ti-widget-alt" },
	{"name" : "ti-wallet" },
	{"name" : "ti-video-clapper" },
	{"name" : "ti-video-camera" },
	{"name" : "ti-vector" },
	{"name" : "ti-themify-logo" },
	{"name" : "ti-themify-favicon" },
	{"name" : "ti-themify-favicon-alt" },
	{"name" : "ti-support" },
	{"name" : "ti-stamp" },
	{"name" : "ti-split-v-alt" },
	{"name" : "ti-slice" },
	{"name" : "ti-shortcode" },
	{"name" : "ti-shift-right-alt" },
	{"name" : "ti-shift-left-alt" },
	{"name" : "ti-ruler-alt-2" },
	{"name" : "ti-receipt" },
	{"name" : "ti-pin2" },
	{"name" : "ti-pin-alt" },
	{"name" : "ti-pencil-alt2" },
	{"name" : "ti-palette" },
	{"name" : "ti-more" },
	{"name" : "ti-more-alt" },
	{"name" : "ti-microphone-alt" },
	{"name" : "ti-magnet" },
	{"name" : "ti-line-double" },
	{"name" : "ti-line-dotted" },
	{"name" : "ti-line-dashed" },
	{"name" : "ti-layout-width-full" },
	{"name" : "ti-layout-width-default" },
	{"name" : "ti-layout-width-default-alt" },
	{"name" : "ti-layout-tab" },
	{"name" : "ti-layout-tab-window" },
	{"name" : "ti-layout-tab-v" },
	{"name" : "ti-layout-tab-min" },
	{"name" : "ti-layout-slider" },
	{"name" : "ti-layout-slider-alt" },
	{"name" : "ti-layout-sidebar-right" },
	{"name" : "ti-layout-sidebar-none" },
	{"name" : "ti-layout-sidebar-left" },
	{"name" : "ti-layout-placeholder" },
	{"name" : "ti-layout-menu" },
	{"name" : "ti-layout-menu-v" },
	{"name" : "ti-layout-menu-separated" },
	{"name" : "ti-layout-menu-full" },
	{"name" : "ti-layout-media-right-alt" },
	{"name" : "ti-layout-media-right" },
	{"name" : "ti-layout-media-overlay" },
	{"name" : "ti-layout-media-overlay-alt" },
	{"name" : "ti-layout-media-overlay-alt-2" },
	{"name" : "ti-layout-media-left-alt" },
	{"name" : "ti-layout-media-left" },
	{"name" : "ti-layout-media-center-alt" },
	{"name" : "ti-layout-media-center" },
	{"name" : "ti-layout-list-thumb" },
	{"name" : "ti-layout-list-thumb-alt" },
	{"name" : "ti-layout-list-post" },
	{"name" : "ti-layout-list-large-image" },
	{"name" : "ti-layout-line-solid" },
	{"name" : "ti-layout-grid4" },
	{"name" : "ti-layout-grid3" },
	{"name" : "ti-layout-grid2" },
	{"name" : "ti-layout-grid2-thumb" },
	{"name" : "ti-layout-cta-right" },
	{"name" : "ti-layout-cta-left" },
	{"name" : "ti-layout-cta-center" },
	{"name" : "ti-layout-cta-btn-right" },
	{"name" : "ti-layout-cta-btn-left" },
	{"name" : "ti-layout-column4" },
	{"name" : "ti-layout-column3" },
	{"name" : "ti-layout-column2" },
	{"name" : "ti-layout-accordion-separated" },
	{"name" : "ti-layout-accordion-merged" },
	{"name" : "ti-layout-accordion-list" },
	{"name" : "ti-ink-pen" },
	{"name" : "ti-info-alt" },
	{"name" : "ti-help-alt" },
	{"name" : "ti-headphone-alt" },
	{"name" : "ti-hand-point-up" },
	{"name" : "ti-hand-point-right" },
	{"name" : "ti-hand-point-left" },
	{"name" : "ti-hand-point-down" },
	{"name" : "ti-gallery" },
	{"name" : "ti-face-smile" },
	{"name" : "ti-face-sad" },
	{"name" : "ti-credit-card" },
	{"name" : "ti-control-skip-forward" },
	{"name" : "ti-control-skip-backward" },
	{"name" : "ti-control-record" },
	{"name" : "ti-control-eject" },
	{"name" : "ti-comments-smiley" },
	{"name" : "ti-brush-alt" },
	{"name" : "ti-youtube" },
	{"name" : "ti-vimeo" },
	{"name" : "ti-twitter" },
	{"name" : "ti-time" },
	{"name" : "ti-tumblr" },
	{"name" : "ti-skype" },
	{"name" : "ti-share" },
	{"name" : "ti-share-alt" },
	{"name" : "ti-rocket" },
	{"name" : "ti-pinterest" },
	{"name" : "ti-new-window" },
	{"name" : "ti-microsoft" },
	{"name" : "ti-list-ol" },
	{"name" : "ti-linkedin" },
	{"name" : "ti-layout-sidebar-2" },
	{"name" : "ti-layout-grid4-alt" },
	{"name" : "ti-layout-grid3-alt" },
	{"name" : "ti-layout-grid2-alt" },
	{"name" : "ti-layout-column4-alt" },
	{"name" : "ti-layout-column3-alt" },
	{"name" : "ti-layout-column2-alt" },
	{"name" : "ti-instagram" },
	{"name" : "ti-google" },
	{"name" : "ti-github" },
	{"name" : "ti-flickr" },
	{"name" : "ti-facebook" },
	{"name" : "ti-dropbox" },
	{"name" : "ti-dribbble" },
	{"name" : "ti-apple" },
	{"name" : "ti-android" },
	{"name" : "ti-save" },
	{"name" : "ti-save-alt" },
	{"name" : "ti-yahoo" },
	{"name" : "ti-wordpress" },
	{"name" : "ti-vimeo-alt" },
	{"name" : "ti-twitter-alt" },
	{"name" : "ti-tumblr-alt" },
	{"name" : "ti-trello" },
	{"name" : "ti-stack-overflow" },
	{"name" : "ti-soundcloud" },
	{"name" : "ti-sharethis" },
	{"name" : "ti-sharethis-alt" },
	{"name" : "ti-reddit" },
	{"name" : "ti-pinterest-alt" },
	{"name" : "ti-microsoft-alt" },
	{"name" : "ti-linux" },
	{"name" : "ti-jsfiddle" },
	{"name" : "ti-joomla" },
	{"name" : "ti-html5" },
	{"name" : "ti-flickr-alt" },
	{"name" : "ti-email" },
	{"name" : "ti-drupal" },
	{"name" : "ti-dropbox-alt" },
	{"name" : "ti-css3" },
	{"name" : "ti-rss" },
	{"name" : "ti-rss-alt" }
]