[
	{"name" : "wi-day-sunny"},
	{"name" : "wi-day-cloudy"},
	{"name" : "wi-day-cloudy-gusts"},
	{"name" : "wi-day-cloudy-windy"},
	{"name" : "wi-day-fog"},
	{"name" : "wi-day-hail"},
	{"name" : "wi-day-haze"},
	{"name" : "wi-day-lightning"},
	{"name" : "wi-day-rain"},
	{"name" : "wi-day-rain-mix"},
	{"name" : "wi-day-rain-wind"},
	{"name" : "wi-day-showers"},
	{"name" : "wi-day-sleet"},
	{"name" : "wi-day-sleet-storm"},
	{"name" : "wi-day-snow"},
	{"name" : "wi-day-snow-thunderstorm"},
	{"name" : "wi-day-snow-wind"},
	{"name" : "wi-day-sprinkle"},
	{"name" : "wi-day-storm-showers"},
	{"name" : "wi-day-sunny-overcast"},
	{"name" : "wi-day-thunderstorm"},
	{"name" : "wi-day-windy"},
	{"name" : "wi-solar-eclipse"},
	{"name" : "wi-hot"},
	{"name" : "wi-day-cloudy-high"},
	{"name" : "wi-day-light-wind"},
	{"name" : "wi-night-clear"},
	{"name" : "wi-night-alt-cloudy"},
	{"name" : "wi-night-alt-cloudy-gusts"},
	{"name" : "wi-night-alt-cloudy-windy"},
	{"name" : "wi-night-alt-hail"},
	{"name" : "wi-night-alt-lightning"},
	{"name" : "wi-night-alt-rain"},
	{"name" : "wi-night-alt-rain-mix"},
	{"name" : "wi-night-alt-rain-wind"},
	{"name" : "wi-night-alt-showers"},
	{"name" : "wi-night-alt-sleet"},
	{"name" : "wi-night-alt-sleet-storm"},
	{"name" : "wi-night-alt-snow"},
	{"name" : "wi-night-alt-snow-thunderstorm"},
	{"name" : "wi-night-alt-snow-wind"},
	{"name" : "wi-night-alt-sprinkle"},
	{"name" : "wi-night-alt-storm-showers"},
	{"name" : "wi-night-alt-thunderstorm"},
	{"name" : "wi-night-cloudy"},
	{"name" : "wi-night-cloudy-gusts"},
	{"name" : "wi-night-cloudy-windy"},
	{"name" : "wi-night-fog"},
	{"name" : "wi-night-hail"},
	{"name" : "wi-night-lightning"},
	{"name" : "wi-night-partly-cloudy"},
	{"name" : "wi-night-rain"},
	{"name" : "wi-night-rain-mix"},
	{"name" : "wi-night-rain-wind"},
	{"name" : "wi-night-showers"},
	{"name" : "wi-night-sleet"},
	{"name" : "wi-night-sleet-storm"},
	{"name" : "wi-night-snow"},
	{"name" : "wi-night-snow-thunderstorm"},
	{"name" : "wi-night-snow-wind"},
	{"name" : "wi-night-sprinkle"},
	{"name" : "wi-night-storm-showers"},
	{"name" : "wi-night-thunderstorm"},
	{"name" : "wi-lunar-eclipse"},
	{"name" : "wi-stars"},
	{"name" : "wi-storm-showers"},
	{"name" : "wi-thunderstorm"},
	{"name" : "wi-night-alt-cloudy-high"},
	{"name" : "wi-night-cloudy-high"},
	{"name" : "wi-night-alt-partly-cloudy"},
	{"name" : "wi-cloud"},
	{"name" : "wi-cloudy"},
	{"name" : "wi-cloudy-gusts"},
	{"name" : "wi-cloudy-windy"},
	{"name" : "wi-fog"},
	{"name" : "wi-hail"},
	{"name" : "wi-rain"},
	{"name" : "wi-rain-mix"},
	{"name" : "wi-rain-wind"},
	{"name" : "wi-showers"},
	{"name" : "wi-sleet"},
	{"name" : "wi-snow"},
	{"name" : "wi-sprinkle"},
	{"name" : "wi-storm-showers"},
	{"name" : "wi-thunderstorm"},
	{"name" : "wi-snow-wind"},
	{"name" : "wi-snow"},
	{"name" : "wi-smog"},
	{"name" : "wi-smoke"},
	{"name" : "wi-lightning"},
	{"name" : "wi-raindrops"},
	{"name" : "wi-raindrop"},
	{"name" : "wi-dust"},
	{"name" : "wi-snowflake-cold"},
	{"name" : "wi-windy"},
	{"name" : "wi-strong-wind"},
	{"name" : "wi-sandstorm"},
	{"name" : "wi-earthquake"},
	{"name" : "wi-fire"},
	{"name" : "wi-flood"},
	{"name" : "wi-meteor"},
	{"name" : "wi-tsunami"},
	{"name" : "wi-volcano"},
	{"name" : "wi-hurricane"},
	{"name" : "wi-tornado"},
	{"name" : "wi-small-craft-advisory"},
	{"name" : "wi-gale-warning"},
	{"name" : "wi-storm-warning"},
	{"name" : "wi-hurricane-warning"},
	{"name" : "wi-wind-direction"},
	{"name" : "wi-alien"},
	{"name" : "wi-celsius"},
	{"name" : "wi-fahrenheit"},
	{"name" : "wi-degrees"},
	{"name" : "wi-thermometer"},
	{"name" : "wi-thermometer-exterior"},
	{"name" : "wi-thermometer-internal"},
	{"name" : "wi-cloud-down"},
	{"name" : "wi-cloud-up"},
	{"name" : "wi-cloud-refresh"},
	{"name" : "wi-horizon"},
	{"name" : "wi-horizon-alt"},
	{"name" : "wi-sunrise"},
	{"name" : "wi-sunset"},
	{"name" : "wi-moonrise"},
	{"name" : "wi-moonset"},
	{"name" : "wi-refresh"},
	{"name" : "wi-refresh-alt"},
	{"name" : "wi-umbrella"},
	{"name" : "wi-barometer"},
	{"name" : "wi-humidity"},
	{"name" : "wi-na"},
	{"name" : "wi-train"},
	{"name" : "wi-moon-new"},
	{"name" : "wi-moon-waxing-crescent-1"},
	{"name" : "wi-moon-waxing-crescent-2"},
	{"name" : "wi-moon-waxing-crescent-3"},
	{"name" : "wi-moon-waxing-crescent-4"},
	{"name" : "wi-moon-waxing-crescent-5"},
	{"name" : "wi-moon-waxing-crescent-6"},
	{"name" : "wi-moon-first-quarter"},
	{"name" : "wi-moon-waxing-gibbous-1"},
	{"name" : "wi-moon-waxing-gibbous-2"},
	{"name" : "wi-moon-waxing-gibbous-3"},
	{"name" : "wi-moon-waxing-gibbous-4"},
	{"name" : "wi-moon-waxing-gibbous-5"},
	{"name" : "wi-moon-waxing-gibbous-6"},
	{"name" : "wi-moon-full"},
	{"name" : "wi-moon-waning-gibbous-1"},
	{"name" : "wi-moon-waning-gibbous-2"},
	{"name" : "wi-moon-waning-gibbous-3"},
	{"name" : "wi-moon-waning-gibbous-4"},
	{"name" : "wi-moon-waning-gibbous-5"},
	{"name" : "wi-moon-waning-gibbous-6"},
	{"name" : "wi-moon-third-quarter"},
	{"name" : "wi-moon-waning-crescent-1"},
	{"name" : "wi-moon-waning-crescent-2"},
	{"name" : "wi-moon-waning-crescent-3"},
	{"name" : "wi-moon-waning-crescent-4"},
	{"name" : "wi-moon-waning-crescent-5"},
	{"name" : "wi-moon-waning-crescent-6"},
	{"name" : "wi-moon-alt-new"},
	{"name" : "wi-moon-alt-waxing-crescent-1"},
	{"name" : "wi-moon-alt-waxing-crescent-2"},
	{"name" : "wi-moon-alt-waxing-crescent-3"},
	{"name" : "wi-moon-alt-waxing-crescent-4"},
	{"name" : "wi-moon-alt-waxing-crescent-5"},
	{"name" : "wi-moon-alt-waxing-crescent-6"},
	{"name" : "wi-moon-alt-first-quarter"},
	{"name" : "wi-moon-alt-waxing-gibbous-1"},
	{"name" : "wi-moon-alt-waxing-gibbous-2"},
	{"name" : "wi-moon-alt-waxing-gibbous-3"},
	{"name" : "wi-moon-alt-waxing-gibbous-4"},
	{"name" : "wi-moon-alt-waxing-gibbous-5"},
	{"name" : "wi-moon-alt-waxing-gibbous-6"},
	{"name" : "wi-moon-alt-full"},
	{"name" : "wi-moon-alt-waning-gibbous-1"},
	{"name" : "wi-moon-alt-waning-gibbous-2"},
	{"name" : "wi-moon-alt-waning-gibbous-3"},
	{"name" : "wi-moon-alt-waning-gibbous-4"},
	{"name" : "wi-moon-alt-waning-gibbous-5"},
	{"name" : "wi-moon-alt-waning-gibbous-6"},
	{"name" : "wi-moon-alt-third-quarter"},
	{"name" : "wi-moon-alt-waning-crescent-1"},
	{"name" : "wi-moon-alt-waning-crescent-2"},
	{"name" : "wi-moon-alt-waning-crescent-3"},
	{"name" : "wi-moon-alt-waning-crescent-4"},
	{"name" : "wi-moon-alt-waning-crescent-5"},
	{"name" : "wi-moon-alt-waning-crescent-6"},
	{"name" : "wi-time-1"},
	{"name" : "wi-time-2"},
	{"name" : "wi-time-3"},
	{"name" : "wi-time-4"},
	{"name" : "wi-time-5"},
	{"name" : "wi-time-6"},
	{"name" : "wi-time-7"},
	{"name" : "wi-time-8"},
	{"name" : "wi-time-9"},
	{"name" : "wi-time-10"},
	{"name" : "wi-time-11"},
	{"name" : "wi-time-12"},
	{"name" : "wi-direction-up"},
	{"name" : "wi-direction-up-right"},
	{"name" : "wi-direction-right"},
	{"name" : "wi-direction-down-right"},
	{"name" : "wi-direction-down"},
	{"name" : "wi-direction-down-left"},
	{"name" : "wi-direction-left"},
	{"name" : "wi-direction-up-left"}
]
