<?xml version="1.0" encoding="UTF-8"?>
<appconf>
    <conf>
        <libs>libs/</libs>
        <url>/dotschool/</url>               <!--always start with front slashes eg. '/homedirectory' -->
        <appname>DOT School</appname>              <!-- Application Name -->
        <webconf>web_info/web_conf.xml</webconf> <!-- Website mapping configuration file -->
        <dbaconf>web_info/dba_conf.xml</dbaconf> <!-- DBA Operation configuration file -->
        <viewconf>web_info/view_conf.xml</viewconf> <!-- Application view configuration file -->
        <indexpage>home</indexpage>                <!-- Application landing page -->
        <indexpageaction>init</indexpageaction>   <!-- Application landing page url value -->
        <errorpage>error</errorpage>                <!-- Application error page -->
        <errorpageaction>showerror</errorpageaction><!-- Application error page url value -->
       <userimagelocation>./public/images/uploads/users/</userimagelocation><!-- Application user photo store location -->
        <productimagelocation>./public/images/uploads/products/</productimagelocation><!-- Application products store location -->
        <teacherimagelocation>./assets/images/teachers/</teacherimagelocation><!-- Application products store location -->
        <catimagelocation>./public/images/uploads/category/</catimagelocation>
        <hwquestionlocation>./public/images/uploads/homework/question/</hwquestionlocation>
        <hwanswerlocation>./public/images/uploads/homework/answer/</hwanswerlocation>
    </conf>    
    <dbconf> <!-- self explanatory -->
        <dbtype>mysql</dbtype>
        <dbhost>10.67.9.77</dbhost>
        <dbname>egendb</dbname>
        <dbuser>annex</dbuser>
        <dbpass>yf5ap8bQi7qMpDVPd2QJ</dbpass>        
    </dbconf>
    <hashkey><!-- hash key through out the application encryption -->   
        <key>neverchangeit</key>
    </hashkey>
	<apikey><!-- 'dbshashkey' SHA-256 hash key -->
        <key>36cfce7372fc99723569236e883dc4db39669cdf116a57d6d126e05fdea7be3c</key>
    </apikey>	
</appconf>
